,auc,aupr,val_auc,val_aupr,min_val,argmin
robase-v1_r0,0.6987028985507246,0.42701534559674237,0.7114614614614614,0.4443494575739546,0.57188880443573,0
